cluster_id,row,col,easting_m,northing_m,median_depth_m,depth_mad_m,depth_min_m,depth_max_m,n_solutions,median_depth_se_m
4,51.044,1089.315,352331.47,4503395.63,223.41,47.62,132.26,413.25,12,16.65
20,37.347,1998.876,443287.64,4504765.29,371.40,40.64,296.83,467.10,13,19.90
186,86.231,800.428,323442.80,4499876.90,225.01,34.82,159.83,357.53,11,21.71
465,157.717,957.753,339175.28,4492728.26,337.13,25.66,241.64,452.66,11,18.92
541,179.068,1299.456,373345.60,4490593.16,177.96,41.69,117.41,398.33,11,14.39
563,190.799,2310.673,474467.28,4489420.14,207.32,33.56,110.56,330.56,22,16.13
607,198.698,1320.127,375412.69,4488630.23,192.08,46.59,124.09,317.41,17,14.00
655,210.251,1452.763,388676.26,4487474.93,319.94,38.98,171.21,442.21,26,25.73
660,206.126,2067.412,450141.16,4487887.36,298.27,32.93,243.79,365.40,9,21.88
761,230.172,578.855,301285.50,4485482.77,321.13,51.06,202.45,516.57,12,21.63
815,253.567,588.549,302254.87,4483143.34,244.88,54.68,131.44,340.43,12,17.95
816,250.780,611.817,304581.66,4483421.97,251.96,22.07,134.69,283.79,11,13.96
842,247.219,2285.724,471972.43,4483778.12,332.71,30.05,212.84,416.31,8,22.86
864,260.555,1205.889,363988.91,4482444.50,217.07,22.23,168.25,320.56,15,20.13
884,263.917,1168.789,360278.94,4482108.31,384.52,26.56,222.83,479.29,11,15.96
892,264.173,2081.729,451572.85,4482082.74,244.21,51.08,154.86,472.04,9,19.55
913,267.838,2346.920,478091.95,4481716.15,307.82,52.88,140.01,497.86,10,20.05
923,270.684,1218.457,365245.74,4481431.63,302.99,23.05,122.38,476.15,11,21.36
934,282.927,811.496,324549.59,4480207.34,223.36,19.48,134.77,289.11,15,15.86
942,274.102,2286.115,472011.55,4481089.83,355.55,50.62,240.89,474.75,11,15.22
968,284.021,787.529,322152.87,4480097.90,180.72,37.64,125.54,308.26,14,16.25
974,287.170,1202.514,363651.38,4479783.03,330.12,50.61,157.37,495.83,16,15.33
977,279.392,1348.859,378285.92,4480560.81,158.44,20.55,103.31,228.06,9,18.49
1047,298.221,1473.161,390716.09,4478677.89,186.47,30.89,155.58,283.45,9,16.87
1064,303.810,948.212,338221.22,4478118.99,188.64,30.59,121.38,409.25,15,17.98
1104,310.873,1142.821,357682.06,4477412.66,347.27,49.79,294.36,496.20,8,19.69
1158,326.347,2073.288,450728.84,4475865.32,369.39,37.98,255.21,548.57,15,24.04
1262,351.111,1469.159,390315.88,4473388.93,315.64,47.00,182.70,449.40,15,27.28
1271,357.338,2311.112,474511.22,4472766.17,230.92,59.58,146.17,410.13,32,19.93
1411,379.519,1799.803,423380.33,4470548.06,323.56,19.47,183.97,418.84,10,23.65
1493,395.964,1785.530,421953.02,4468903.61,379.03,44.90,190.84,458.67,12,22.32
1548,418.114,787.869,322186.89,4466688.61,219.09,46.54,130.60,546.69,19,15.23
1668,441.379,1852.177,428617.68,4464362.08,309.59,51.25,204.95,423.87,14,11.18
1751,461.105,2019.679,445367.95,4462389.45,274.67,50.14,125.96,476.80,20,16.28
1778,473.712,789.396,322339.58,4461128.83,171.69,43.75,123.02,437.51,21,17.95
1799,475.107,588.778,302277.80,4460989.32,364.56,52.71,202.52,528.41,17,15.83
1839,480.031,1793.448,422744.82,4460496.92,360.99,37.25,264.57,423.36,9,18.64
1895,493.607,1397.111,383111.10,4459139.30,267.51,36.22,209.24,350.15,10,17.51
1951,505.711,2520.438,495443.78,4457928.93,204.96,42.97,105.39,352.66,10,19.75
1976,515.456,648.206,308220.60,4456954.43,201.72,42.18,100.83,539.42,13,17.20
1981,514.004,1181.522,361552.21,4457099.60,358.83,56.66,285.26,508.64,11,31.93
2248,571.471,1205.791,363979.08,4451352.93,182.90,51.01,111.90,438.38,9,19.39
2262,584.428,1030.955,346495.50,4450057.17,213.73,50.27,110.05,346.60,22,17.91
2339,593.813,1358.257,379225.75,4449118.69,196.03,46.77,117.32,263.53,9,12.58
2363,598.827,970.825,340482.47,4448617.33,211.42,32.31,141.27,355.61,14,18.57
2365,612.632,1230.831,366483.11,4447236.82,208.15,37.14,122.14,342.43,31,15.43
2458,624.076,940.210,337420.95,4446092.41,243.05,56.57,105.86,438.65,11,16.11
2523,637.871,2485.822,491982.16,4444712.92,281.09,26.33,107.47,411.25,11,15.65
2553,643.341,950.489,338448.89,4444165.89,216.85,20.48,125.00,286.22,8,17.10
2583,653.934,2115.876,454987.65,4443106.63,326.30,25.52,271.36,570.76,8,16.10
2606,657.617,1319.471,375347.11,4442738.26,309.32,35.80,219.84,389.58,8,14.71
2610,660.311,2033.504,446750.35,4442468.90,331.32,30.94,252.77,377.39,8,17.59
2635,664.048,2498.979,493297.92,4442095.22,319.50,41.18,235.68,483.97,12,15.99
2682,672.645,2486.840,492083.96,4441235.47,338.28,55.75,230.15,397.59,8,11.94
2708,691.363,2473.347,490734.70,4439363.74,291.82,42.30,107.19,545.20,24,18.50
2775,695.462,1763.090,419709.05,4438953.80,243.47,41.49,174.92,534.67,20,15.39
2776,702.426,2044.553,447855.30,4438257.38,360.03,41.38,317.28,499.10,10,18.72
2807,703.081,924.673,335867.32,4438191.93,389.31,36.88,267.96,481.75,9,16.80
2813,704.249,1735.417,416941.72,4438075.09,291.20,45.01,221.43,520.79,15,23.10
2831,708.798,1534.354,396835.43,4437620.21,190.90,31.76,116.25,294.00,11,14.50
2933,726.427,1353.503,378750.27,4435857.29,249.27,45.59,151.55,418.09,9,19.55
3005,758.983,987.469,342146.91,4432601.67,300.62,25.80,258.04,523.65,9,17.35
3012,763.010,960.742,339474.21,4432199.00,196.98,56.84,138.02,489.90,9,15.21
3065,779.285,951.680,338567.99,4430571.45,386.74,59.27,204.03,521.31,11,15.51
3077,794.127,977.001,341100.07,4429087.27,178.25,21.93,108.54,444.92,22,19.02
3079,788.149,1273.644,370764.39,4429685.07,268.54,28.25,211.59,452.51,15,19.74
3110,800.829,933.394,336739.40,4428417.13,207.83,28.35,174.41,340.47,8,20.66
3134,815.783,935.842,336984.19,4426921.73,334.38,43.39,222.36,426.18,11,22.05
3286,898.519,1531.474,396547.37,4418648.09,348.65,39.34,308.09,589.16,8,22.30
3305,911.024,719.249,315324.86,4417397.59,235.37,24.19,174.74,386.21,12,18.73
3345,935.686,854.659,328865.91,4414931.43,202.54,33.92,137.81,395.72,9,16.82
3358,937.131,1365.241,379924.11,4414786.92,304.14,51.42,234.14,505.70,8,21.58
3388,947.600,1391.368,382536.82,4413740.04,218.70,56.19,119.16,447.44,11,12.09
3642,1078.174,851.270,328527.03,4400682.57,270.98,31.75,205.19,622.11,8,22.14
3659,1092.203,997.205,343120.53,4399279.66,256.39,37.17,172.97,298.35,8,21.35
3662,1095.432,868.261,330226.06,4398956.79,207.65,33.96,119.27,287.96,8,16.74
3776,1158.512,1424.082,385808.20,4392648.79,329.83,40.56,121.33,391.66,10,17.39
3782,1163.175,967.310,340130.97,4392182.50,219.36,46.38,104.38,320.64,21,11.65
3895,1222.008,1665.037,409903.70,4386299.18,354.23,44.16,183.52,487.75,10,13.96
4026,1287.285,1364.737,379873.72,4379771.51,245.71,21.27,145.27,511.59,8,19.97
4302,1467.209,579.918,301391.83,4361779.12,229.69,47.51,142.30,409.98,21,17.66
4344,1498.677,819.100,325309.98,4358632.27,197.61,49.38,114.95,375.15,21,19.62
4364,1500.495,781.026,321502.58,4358450.54,253.55,24.93,114.97,391.76,15,15.15
4383,1509.005,796.424,323042.38,4357599.51,179.67,40.71,131.41,342.66,8,19.80
4385,1508.806,1144.317,357831.69,4357619.37,177.89,43.18,112.12,247.50,8,12.80
4422,1524.192,1147.782,358178.17,4356080.82,304.08,54.30,116.52,365.87,9,22.13
4483,1557.654,1272.320,370632.02,4352734.62,191.07,39.58,123.68,311.05,8,18.72
4486,1563.540,761.711,319571.13,4352146.05,204.64,45.24,158.11,348.07,8,13.83
4505,1579.415,1141.434,357543.40,4350558.50,184.69,34.09,126.56,239.39,8,16.89
4540,1593.087,1337.873,377187.27,4349191.29,300.58,53.91,156.80,418.38,8,18.76
4552,1607.119,1350.675,378467.49,4347788.13,216.50,34.05,149.63,290.49,14,19.88
4663,1697.377,1084.078,351807.83,4338762.31,220.47,28.75,116.32,259.39,9,21.11
4753,1761.085,937.633,337163.30,4332391.55,211.73,44.72,130.03,354.58,12,17.88
4775,1778.192,1162.065,359606.54,4330680.81,303.46,24.89,151.59,340.84,8,21.76
4799,1799.457,1345.305,377930.53,4328554.34,302.36,54.88,224.36,661.23,14,22.33
4865,1854.232,1342.635,377663.51,4323076.83,155.18,37.06,101.16,251.83,15,16.28
4914,1898.478,1187.343,362134.30,4318652.25,208.01,44.55,115.33,396.49,10,21.18
4947,1925.440,1661.084,409508.35,4315955.98,272.04,18.56,198.77,346.29,8,23.63
4990,1966.916,1102.153,353615.32,4311808.38,249.48,42.31,151.76,547.13,22,22.27
5052,2023.426,1280.946,371494.57,4306157.38,264.50,43.52,199.04,472.64,11,14.44
5077,2046.354,1496.712,393071.22,4303864.60,333.87,48.80,187.05,490.37,14,17.78
5085,2054.045,1284.273,371827.35,4303095.51,282.50,11.93,189.51,364.31,8,22.08
5107,2076.586,1684.964,411896.37,4300841.40,216.38,32.85,144.37,346.18,17,16.13
5118,2085.924,1736.643,417064.34,4299907.64,262.26,49.90,149.74,579.40,17,24.91
5124,2091.510,1481.201,391520.08,4299349.04,214.14,37.97,143.31,392.95,11,16.22
5163,2137.105,1710.986,414498.64,4294789.49,241.70,53.04,138.29,338.09,10,19.69
5173,2157.420,1458.394,389239.42,4292758.00,239.39,30.37,103.01,412.24,24,19.30
5194,2167.198,1234.350,366835.04,4291780.21,198.83,49.76,131.58,375.35,11,21.25
5206,2190.821,1543.692,397769.18,4289417.88,280.62,38.10,188.50,347.65,14,18.52
5255,2229.882,1665.898,409989.76,4285511.76,185.85,28.80,140.90,362.11,13,19.71
5320,2285.626,1812.357,424635.66,4279937.37,272.51,29.91,165.57,319.01,14,20.85
5322,2291.765,1134.287,356828.65,4279323.45,317.66,55.79,179.74,418.89,15,22.13
5393,2337.544,1202.079,363607.95,4274745.55,391.96,20.64,327.97,543.99,9,17.70
5460,2398.302,1228.287,366228.70,4268669.81,310.04,38.50,127.35,497.85,28,18.55
5503,2430.576,1227.040,366103.99,4265442.42,327.31,30.08,291.93,601.26,8,32.96
5560,2507.283,1878.201,431220.15,4257771.66,183.95,22.30,154.88,264.59,8,22.93
5586,2561.531,1906.548,434054.83,4252346.89,199.07,41.01,123.61,510.54,18,12.63
5589,2569.037,1925.213,435921.31,4251596.34,175.97,26.53,100.19,274.41,11,16.17
5667,2715.270,1937.036,437103.57,4236972.99,166.19,16.33,134.58,323.54,14,16.18
5700,2763.618,1935.297,436929.70,4232138.19,275.09,39.00,159.46,493.81,11,15.73
5711,2775.845,1943.831,437783.05,4230915.55,185.44,30.32,138.05,240.73,10,18.15
5714,2799.364,1711.653,414565.27,4228563.57,243.29,40.10,122.95,406.69,23,17.64
5748,2848.591,1774.840,420883.98,4223640.90,197.26,54.46,142.39,385.84,11,17.58
5777,2901.932,1752.732,418673.19,4218306.79,368.01,54.82,234.87,513.43,17,19.16
5806,2957.659,1780.853,421485.30,4212734.06,225.90,56.42,106.22,366.63,13,16.29
5877,3018.820,2021.014,445501.36,4206618.00,252.21,55.51,106.02,437.53,10,23.85
5916,3049.612,1999.232,443323.20,4203538.81,212.26,17.16,130.72,297.28,22,20.23
5946,3080.906,1959.400,439339.96,4200409.38,175.39,25.87,111.17,258.24,8,17.95
5956,3094.955,1697.553,413155.25,4199004.52,193.15,52.36,139.75,341.83,9,23.56
5958,3093.498,1993.415,442741.53,4199150.15,190.51,31.94,114.25,248.53,15,13.61
5962,3094.340,1929.399,436339.85,4199065.97,377.84,59.86,225.16,486.82,10,26.71
5994,3134.842,1962.609,439660.86,4195015.83,196.62,40.67,104.17,373.66,10,12.69
6054,3201.668,2024.937,445893.67,4188333.23,238.78,18.60,195.24,349.14,8,27.96
6066,3214.830,1800.333,423433.33,4187016.99,223.86,37.90,174.91,519.83,9,23.00
6163,3335.928,1640.995,407499.49,4174907.20,223.70,57.66,154.88,451.91,9,17.47
6184,3367.069,2059.737,449373.66,4171793.14,210.90,48.06,117.05,410.89,9,14.97
6216,3410.632,2053.138,448713.84,4167436.76,398.91,55.04,237.09,453.96,11,32.16
6228,3446.980,2032.217,446621.69,4163802.03,185.87,54.37,106.68,431.98,20,21.40
6230,3437.321,2044.675,447867.53,4164767.90,254.96,21.12,153.99,483.49,9,21.81
6305,3602.291,1893.826,432782.56,4148270.92,304.66,56.81,199.28,464.27,9,13.81
